<?xml version="1.0" encoding="utf-8"?>
<!DOCTYPE hibernate-mapping PUBLIC "-//Hibernate/Hibernate Mapping DTD 3.0//EN"
"http://hibernate.sourceforge.net/hibernate-mapping-3.0.dtd">
<!-- 
    Mapping file autogenerated by MyEclipse Persistence Tools
-->
<hibernate-mapping>
    <class name="cn.edu.scau.hibernate.Book2course" table="book2course" catalog="test">
        <id name="id" type="java.lang.Long">
            <column name="id" />
            <generator class="assigned" />
        </id>
        <many-to-one name="course" class="cn.edu.scau.hibernate.Course" fetch="select">
            <column name="course" not-null="true" />
        </many-to-one>
        <many-to-one name="book" class="cn.edu.scau.hibernate.Book" fetch="select">
            <column name="book" not-null="true" />
        </many-to-one>
    </class>
</hibernate-mapping>
