<?xml version="1.0" encoding="utf-8"?>
<!DOCTYPE hibernate-mapping PUBLIC "-//Hibernate/Hibernate Mapping DTD 3.0//EN"
"http://hibernate.sourceforge.net/hibernate-mapping-3.0.dtd">
<!-- 
    Mapping file autogenerated by MyEclipse Persistence Tools
-->
<hibernate-mapping>
    <class name="cn.edu.scau.hibernate.Book" table="book" catalog="test">
        <id name="id" type="java.lang.Long">
            <column name="id" />
            <generator class="identity" />
        </id>
        <property name="name" type="java.lang.String">
            <column name="name" not-null="true" />
        </property>
        <set name="book2courses" inverse="true">
            <key>
                <column name="book" not-null="true" />
            </key>
            <one-to-many class="cn.edu.scau.hibernate.Book2course" />
        </set>
    </class>
</hibernate-mapping>
