<?xml version="1.0" encoding="UTF-8"?>
<beans
	xmlns="http://www.springframework.org/schema/beans"
	xmlns:xsi="http://www.w3.org/2001/XMLSchema-instance"
	xmlns:p="http://www.springframework.org/schema/p"
	xsi:schemaLocation="http://www.springframework.org/schema/beans http://www.springframework.org/schema/beans/spring-beans-3.0.xsd">

<bean id="xxj" class="cn.edu.scau.bean.Student">
	<property name="id" value="1"/>
	<property name="name" value="许骁驹"/>
	<property name="sex" value="男"/>
	<property name="tutor" ref="lzq"/>
	
</bean>
<bean id="lzq" class="cn.edu.scau.bean.Teacher">
	<property name="id" value="1"/>
	<property name="name" value="梁早清"/>
	<property name="sex" value="男"/>
</bean>

</beans>